{
	"parent": "item/handheld",
	"textures": {
		"layer0": "item/diamond_hoe"
	},
	"overrides": [
		{"predicate": {"custom_model_data":1},   "model":"item/weapons/ak47"},
		{"predicate": {"custom_model_data":11},  "model":"item/weapons/ak47aiming"},
		
		{"predicate": {"custom_model_data":41},  "model":"item/weapons/auga3para"},
		{"predicate": {"custom_model_data":51},  "model":"item/weapons/auga3paraaiming"},
		
		{"predicate": {"custom_model_data":81},  "model":"item/weapons/coltpython"},
		{"predicate": {"custom_model_data":91},  "model":"item/weapons/coltpythonaiming"},
		
		{"predicate": {"custom_model_data":121}, "model":"item/weapons/deagle50"},
		{"predicate": {"custom_model_data":131}, "model":"item/weapons/deagle50aiming"},
		
		{"predicate": {"custom_model_data":161}, "model":"item/weapons/fnfal5000"},
		{"predicate": {"custom_model_data":171}, "model":"item/weapons/fnfal5000aiming"},
		
		{"predicate": {"custom_model_data":201}, "model":"item/weapons/kar98k"},
		{"predicate": {"custom_model_data":211}, "model":"item/weapons/kar98kaiming"},
		
		{"predicate": {"custom_model_data":241}, "model":"item/weapons/knife"},
		
		{"predicate": {"custom_model_data":261}, "model":"item/weapons/m4a1"},
		{"predicate": {"custom_model_data":271}, "model":"item/weapons/m4a1aiming"},
		
		{"predicate": {"custom_model_data":301}, "model":"item/weapons/mg3kws"},
		{"predicate": {"custom_model_data":311}, "model":"item/weapons/mg3kwsaiming"},
		
		{"predicate": {"custom_model_data":341}, "model":"item/weapons/rpg7"},
		{"predicate": {"custom_model_data":351}, "model":"item/weapons/rpg7aiming"},
		
		{"predicate": {"custom_model_data":361}, "model":"item/weapons/saiga12"},
		{"predicate": {"custom_model_data":371}, "model":"item/weapons/saiga12aiming"},
		
		{"predicate": {"custom_model_data":381}, "model":"item/weapons/uzi"},
		{"predicate": {"custom_model_data":391}, "model":"item/weapons/uziaiming"}
	]
}