{
	"parent": "item/handheld",
	"textures": {
		"layer0": "item/feather"
	},
	"overrides": [
		{"predicate": {"custom_model_data":1}, "model":"item/weapons/uzi"},
		{"predicate": {"custom_model_data":11}, "model":"item/weapons/uziaiming"},
		
		{"predicate": {"custom_model_data":21}, "model":"item/weapons/aug"},
		{"predicate": {"custom_model_data":31}, "model":"item/weapons/augaiming"},
		
		{"predicate": {"custom_model_data":41}, "model":"item/weapons/ax50"},
		{"predicate": {"custom_model_data":51}, "model":"item/weapons/ax50aiming"},
		
		{"predicate": {"custom_model_data":61}, "model":"item/weapons/r90"},
		{"predicate": {"custom_model_data":71}, "model":"item/weapons/r90aiming"},
		
		{"predicate": {"custom_model_data":81}, "model":"item/weapons/origin12"},
		{"predicate": {"custom_model_data":91}, "model":"item/weapons/origin12aiming"},
		
		{"predicate": {"custom_model_data":101}, "model":"item/weapons/rpg7"},
		{"predicate": {"custom_model_data":111}, "model":"item/weapons/rpg7aiming"},
		
		{"predicate": {"custom_model_data":121}, "model":"item/weapons/ak47"},
		{"predicate": {"custom_model_data":131}, "model":"item/weapons/ak47aiming"},
		
		{"predicate": {"custom_model_data":141}, "model":"item/weapons/fnfal"},
		{"predicate": {"custom_model_data":151}, "model":"item/weapons/fnfalaiming"},
		
		{"predicate": {"custom_model_data":161}, "model":"item/weapons/m4a1"},
		{"predicate": {"custom_model_data":171}, "model":"item/weapons/m4a1aiming"},
		
		{"predicate": {"custom_model_data":181}, "model":"item/weapons/357magnum"},
		{"predicate": {"custom_model_data":191}, "model":"item/weapons/357magnumaiming"},
		
		{"predicate": {"custom_model_data":201}, "model":"item/weapons/50gs"},
		{"predicate": {"custom_model_data":211}, "model":"item/weapons/50gsaiming"},
		
		{"predicate": {"custom_model_data":221}, "model":"item/weapons/kar98k"},
		{"predicate": {"custom_model_data":231}, "model":"item/weapons/kar98kaiming"},
		
		{"predicate": {"custom_model_data":241}, "model":"item/weapons/mg34"},
		{"predicate": {"custom_model_data":251}, "model":"item/weapons/mg34aiming"}
	]
}