{
  "scope.in": {
    "category": "player",
	"sounds": [ "scope/start_scope" ]
  },
  "scope.out": {
    "category": "player",
	"sounds": [ "scope/end_scope" ]
  },
  "reload.start.light": {
    "category": "player",
	"sounds": [ "reload/eject_mag_light" ]
  },
  "reload.end.light": {
    "category": "player",
	"sounds": [ "reload/insert_mag_light" ]
  },
  "reload.start.normal": {
    "category": "player",
	"sounds": [ "reload/eject_mag_normal" ]
  },
  "reload.end.normal": {
    "category": "player",
	"sounds": [ "reload/insert_mag_normal" ]
  },
  "reload.start.heavy": {
    "category": "player",
	"sounds": [ "reload/eject_mag_minigun" ]
  },
  "reload.end.heavy": {
    "category": "player",
	"sounds": [ "reload/insert_mag_minigun" ]
  },
  "reload.start.shotgun": {
    "category": "player",
	"sounds": [ "reload/insert_shotgun_shells" ]
  },
  "shoot.uzi": {
    "category": "player",
	"sounds": [ "shoot/uzi" ]
  },
  "shoot.aug": {
    "category": "player",
	"sounds": [ "shoot/aug" ]
  },
  "shoot.ax50": {
    "category": "player",
	"sounds": [ "shoot/ax50" ]
  },
  "shoot.r90": {
    "category": "player",
	"sounds": [ "shoot/r90" ]
  },
  "shoot.origin12": {
    "category": "player",
	"sounds": [ "shoot/origin12" ]
  },
  "shoot.rpg7": {
    "category": "player",
	"sounds": [ "shoot/rpg7" ]
  },
  "shoot.ak47": {
    "category": "player",
	"sounds": [ "shoot/ak47" ]
  },
  "shoot.fnfal": {
    "category": "player",
	"sounds": [ "shoot/fnfal" ]
  },
  "shoot.m4a1": {
    "category": "player",
	"sounds": [ "shoot/m4a1" ]
  },
  "shoot.357magnum": {
    "category": "player",
	"sounds": [ "shoot/357magnum" ]
  },
  "shoot.50gs": {
    "category": "player",
	"sounds": [ "shoot/50gs" ]
  },
  "shoot.kar98k": {
    "category": "player",
	"sounds": [ "shoot/kar98k" ]
  },
  "shoot.mg34": {
    "category": "player",
	"sounds": [ "shoot/mg34" ]
  }
}